inputs,combination,Voter Satisfaction | Anger Ratio | Average Cost
Projects num: 100,improved_mt,"(0.7608000000000001, 0.0, 392.9868421052632)"
Projects num: 100,ewt,"(0.7638000000000003, 0.0, 394.55263157894734)"
Projects num: 100,old_mt,"(0.7608000000000001, 0.0, 392.9868421052632)"
Projects num: 100,ewtc,"(0.7638000000000003, 0.0, 394.55263157894734)"
Projects num: 100,improved_mtc,"(0.7633666666666664, 0.0, 394.32894736842104)"
Projects num: 100,old_mtc,"(0.7633666666666664, 0.0, 394.32894736842104)"
