inputs,combination,Voter Satisfaction | Anger Ratio | Average Cost
Projects num: 100,improved_mt,"(0.6984666666666668, 0.0, 424.8857142857143)"
Projects num: 100,ewt,"(0.7016666666666667, 0.0, 425.9714285714286)"
Projects num: 100,old_mt,"(0.6984666666666668, 0.0, 424.8857142857143)"
Projects num: 100,ewtc,"(0.7016666666666667, 0.0, 425.9714285714286)"
Projects num: 100,improved_mtc,"(0.7021999999999998, 0.0, 427.0285714285714)"
Projects num: 100,old_mtc,"(0.7021999999999998, 0.0, 427.0285714285714)"
